znamka,letnik,prevozenih,tip_motorja,moc_motorja,menjalnik,cena
Lamborghini,2017,43329,bencinski motor,426,avtomatski menjalnik,249.0
Lamborghini,2017,43329,bencinski motor,426,avtomatski menjalnik,249.0
Porsche,2018,18900,bencinski motor,404,avtomatski menjalnik,233.549
McLaren,2016,18012,bencinski motor,419,avtomatski menjalnik,222.776
Mercedes-Benz,2018,7000,bencinski motor,310,avtomatski menjalnik,199.99
Porsche,2018,28500,bencinski motor,404,avtomatski menjalnik / tiptronic,174.911
BMW,2017,9039,bencinski motor,368,avtomatski menjalnik / tiptronic,169.9
BMW,2018,19900,hibridni pogon,340,avtomatski menjalnik,153.4
BMW,2018,21925,bencinski motor,441,avtomatski menjalnik,151.99
Porsche,2016,7600,bencinski motor,309,avtomatski menjalnik / tiptronic,150.911
Mercedes-Benz,2016,55878,bencinski motor,430,avtomatski menjalnik,145.0
Porsche,2017,16200,bencinski motor,331,avtomatski menjalnik,139.911
Mercedes-Benz,2015,38601,bencinski motor,430,avtomatski menjalnik,139.885
Mercedes-Benz,2014,98000,bencinski motor,430,avtomatski menjalnik,139.0
Porsche,2018,30000,hibridni pogon,250,avtomatski menjalnik / tiptronic,139.0
Porsche,2017,71500,diesel motor,310,avtomatski menjalnik,136.76
Porsche,2017,22425,bencinski motor,324,avtomatski menjalnik / tiptronic,131.992
Porsche,2016,20000,bencinski motor,309,roèni menjalnik (5 pr.),128.911
Ferrari,2010,20000,bencinski motor,338,avtomatski menjalnik / tiptronic,125.9
Opel,1972,4500,bencinski motor,62,roèni menjalnik (4 pr.),123.456
Audi,2013,60062,bencinski motor,386,roèni menjalnik (6 pr.),119.999
BMW,2017,5488,bencinski motor,441,avtomatski menjalnik,119.99
Porsche,1975,116000,bencinski motor,121,roèni menjalnik (5 pr.),119.0
Audi,2018,45500,bencinski motor,331,avtomatski menjalnik / tiptronic,118.55
Audi,2011,68373,bencinski motor,386,avtomatski menjalnik,117.599
BMW,2019,1930,diesel motor,235,avtomatski menjalnik,116.95
Porsche,2017,13100,bencinski motor,324,avtomatski menjalnik,113.885
Porsche,2010,17360,bencinski motor,368,avtomatski menjalnik,110.0
Audi,2019,8500,elektro pogon,225,avtomatski menjalnik / tiptronic,108.7
Audi,2019,8245,diesel motor,210,avtomatski menjalnik / tiptronic,108.0
Audi,2018,6500,diesel motor,210,avtomatski menjalnik / tiptronic,105.0
Mercedes-Benz,2018,20309,diesel motor,210,avtomatski menjalnik,103.49
Audi,2018,19284,diesel motor,210,avtomatski menjalnik / tiptronic,99.999
Mercedes-Benz,2018,20244,diesel motor,210,avtomatski menjalnik,99.99
Audi,2019,285,diesel motor,170,avtomatski menjalnik,99.9
Porsche,2017,29367,bencinski motor,243,avtomatski menjalnik,99.88
Audi,2019,11006,diesel motor,210,avtomatski menjalnik / tiptronic,99.85
BMW,2017,38908,bencinski motor,423,avtomatski menjalnik,99.0
Audi,2018,27716,diesel motor,210,avtomatski menjalnik / tiptronic,98.9
BMW,2019,4000,diesel motor,195,avtomatski menjalnik / tiptronic,98.514
BMW,2018,67,diesel motor,195,avtomatski menjalnik / tiptronic,98.0
Porsche,2017,7000,bencinski motor,272,avtomatski menjalnik,97.6
Porsche,2016,66472,bencinski motor,272,avtomatski menjalnik,96.911
BMW,2018,23000,hibridni pogon,190,avtomatski menjalnik / tiptronic,95.0
Audi,2018,25479,diesel motor,210,avtomatski menjalnik / tiptronic,94.99
Audi,2019,4500,elektro pogon,210,avtomatski menjalnik / tiptronic,89.995
Mercedes-Benz,2015,62127,bencinski motor,335,avtomatski menjalnik / tiptronic,89.995
BMW,2016,42000,bencinski motor,423,avtomatski menjalnik,89.99
Audi,2019,10,diesel motor,210,avtomatski menjalnik / tiptronic,89.9
Audi,2018,69000,diesel motor,320,avtomatski menjalnik / tiptronic,89.9
Porsche,2017,17000,diesel motor,310,avtomatski menjalnik,89.0
BMW,2018,18881,diesel motor,195,avtomatski menjalnik / tiptronic,88.992
BMW,2018,17280,diesel motor,195,avtomatski menjalnik / tiptronic,88.959
Audi,2018,28000,diesel motor,210,avtomatski menjalnik / tiptronic,88.888
BMW,2018,5700,diesel motor,195,avtomatski menjalnik / tiptronic,88.68
Audi,2018,27800,diesel motor,210,avtomatski menjalnik / tiptronic,87.9
BMW,2019,9900,diesel motor,195,avtomatski menjalnik / tiptronic,87.9
Tesla,2015,80786,elektro pogon,320,avtomatski menjalnik / tiptronic,85.88
Lamborghini,2005,50000,bencinski motor,373,avtomatski menjalnik / tiptronic,85.585
Porsche,2015,2500,diesel motor,190,avtomatski menjalnik,85.56
Volvo,2019,1000,diesel motor,165,avtomatski menjalnik / tiptronic,85.555
Audi,2019,12000,diesel motor,210,avtomatski menjalnik / tiptronic,84.99
BMW,2017,39850,diesel motor,280,avtomatski menjalnik,84.99
Tesla,2017,14500,elektro pogon,331,avtomatski menjalnik / tiptronic,84.985
Audi,2018,25699,diesel motor,210,avtomatski menjalnik / tiptronic,84.6
BMW,2016,44000,hibridni pogon,170,avtomatski menjalnik / tiptronic,84.0
BMW,2018,11800,diesel motor,195,avtomatski menjalnik / tiptronic,84.0
Aston,2007,6500,bencinski motor,336,avtomatski menjalnik,82.99
Porsche,2017,44300,bencinski motor,243,avtomatski menjalnik,82.88
Mercedes-Benz,2016,22000,diesel motor,190,avtomatski menjalnik,82.0
Mercedes-Benz,2017,1908,diesel motor,190,avtomatski menjalnik,81.9
Volkswagen,2018,12000,diesel motor,210,avtomatski menjalnik / tiptronic,81.9
Volkswagen,2018,61348,bencinski motor,294,roèni menjalnik (6 pr.),79.991
Audi,2018,35000,diesel motor,210,avtomatski menjalnik / tiptronic,79.99
BMW,2018,45000,diesel motor,294,avtomatski menjalnik,79.99
BMW,2016,65861,bencinski motor,423,avtomatski menjalnik,79.99
BMW,2017,64811,diesel motor,294,avtomatski menjalnik / tiptronic,79.985
Land Rover,2018,19979,diesel motor,190,avtomatski menjalnik / tiptronic,79.95
BMW,2017,10,diesel motor,190,avtomatski menjalnik,79.93
BMW,2018,6000,bencinski motor,331,avtomatski menjalnik,79.9
Mercedes-Benz,2016,91084,diesel motor,190,avtomatski menjalnik,79.8
BMW,2018,17000,bencinski motor,250,avtomatski menjalnik,78.99
BMW,2014,14900,hibridni pogon,266,avtomatski menjalnik / tiptronic,78.5
Volkswagen,2018,31112,diesel motor,210,avtomatski menjalnik / tiptronic,77.898
BMW,2015,9800,bencinski motor,330,avtomatski menjalnik,77.0
Porsche,2016,46629,bencinski motor,382,avtomatski menjalnik / tiptronic,77.0
Porsche,2017,17985,bencinski motor,257,avtomatski menjalnik / tiptronic,76.8
Audi,2018,21455,diesel motor,210,avtomatski menjalnik / tiptronic,75.9
Porsche,2017,56300,diesel motor,193,avtomatski menjalnik / tiptronic,75.9
Audi,2018,14211,diesel motor,210,avtomatski menjalnik / tiptronic,75.1
Audi,2016,46000,diesel motor,200,avtomatski menjalnik / tiptronic,75.0
Audi,2018,6400,diesel motor,210,avtomatski menjalnik / tiptronic,74.95
Mercedes-Benz,2017,41700,diesel motor,190,avtomatski menjalnik,74.9
Mercedes-Benz,2016,17800,diesel motor,190,avtomatski menjalnik,74.9
Land Rover,2017,51691,diesel motor,221,avtomatski menjalnik / tiptronic,74.885
Land Rover,2018,24831,diesel motor,284,avtomatski menjalnik / tiptronic,73.985
BMW,2018,40100,hibridni pogon,190,avtomatski menjalnik / tiptronic,73.9
Mercedes-Benz,2019,5915,diesel motor,140,avtomatski menjalnik,73.9
BMW,2017,42000,diesel motor,190,avtomatski menjalnik,73.8
Porsche,2018,13500,bencinski motor,220,avtomatski menjalnik / tiptronic,73.718
BMW,2014,22000,hibridni pogon,170,avtomatski menjalnik / tiptronic,73.0
Audi,2018,500,diesel motor,200,avtomatski menjalnik / tiptronic,72.9
Maserati,2017,17000,diesel motor,202,avtomatski menjalnik / tiptronic,72.6
BMW,2018,45000,diesel motor,195,avtomatski menjalnik / tiptronic,71.9
Volkswagen,2018,26803,diesel motor,210,avtomatski menjalnik / tiptronic,70.9
BMW,2018,22481,diesel motor,190,avtomatski menjalnik / tiptronic,70.9
Volkswagen,2018,14000,diesel motor,210,avtomatski menjalnik / tiptronic,70.89
BMW,2015,92990,bencinski motor,330,avtomatski menjalnik,70.0
Audi,2017,95000,diesel motor,200,avtomatski menjalnik / tiptronic,69.999
Audi,2015,170000,bencinski motor,412,avtomatski menjalnik / tiptronic,69.999
Porsche,2010,248000,bencinski motor,368,avtomatski menjalnik,69.999
BMW,2018,34590,bencinski motor,265,avtomatski menjalnik / tiptronic,69.992
Audi,2018,45606,diesel motor,160,avtomatski menjalnik / tiptronic,69.99
BMW,2017,48000,diesel motor,195,avtomatski menjalnik / tiptronic,69.99
BMW,2016,109431,bencinski motor,423,avtomatski menjalnik,69.99
Lexus,2018,13500,hibridni pogon,193,avtomatski menjalnik,69.99
Maserati,2017,20243,diesel motor,202,avtomatski menjalnik / tiptronic,69.99
Mercedes-Benz,2018,15716,diesel motor,143,avtomatski menjalnik,69.99
Audi,2014,99147,bencinski motor,412,avtomatski menjalnik / tiptronic,69.98
Mercedes-Benz,2015,75000,bencinski motor,320,avtomatski menjalnik / tiptronic,69.97
Mercedes-Benz,2014,55000,diesel motor,150,avtomatski menjalnik / tiptronic,69.909
BMW,2018,58000,diesel motor,190,avtomatski menjalnik,69.9
BMW,2017,35500,diesel motor,195,avtomatski menjalnik / tiptronic,69.7
BMW,2017,37501,diesel motor,195,avtomatski menjalnik / tiptronic,69.555
BMW,2017,30000,bencinski motor,331,avtomatski menjalnik,69.499
Porsche,1990,116000,bencinski motor,184,roèni menjalnik (5 pr.),69.0
Mercedes-Benz,2019,8,diesel motor,143,avtomatski menjalnik,68.99
Porsche,2016,16800,diesel motor,193,avtomatski menjalnik / tiptronic,68.99
BMW,2018,15200,diesel motor,195,avtomatski menjalnik / tiptronic,68.5
Audi,2019,19880,bencinski motor,294,avtomatski menjalnik,68.18
BMW,2018,22000,diesel motor,195,avtomatski menjalnik / tiptronic,67.89
BMW,2018,21747,diesel motor,195,avtomatski menjalnik / tiptronic,67.875
BMW,2018,36500,diesel motor,195,avtomatski menjalnik / tiptronic,67.8
Volvo,2018,20400,diesel motor,173,avtomatski menjalnik / tiptronic,67.5
BMW,2018,3480,diesel motor,190,avtomatski menjalnik,67.49
BMW,2017,25000,diesel motor,190,avtomatski menjalnik,67.0
Porsche,2012,125264,bencinski motor,368,avtomatski menjalnik,66.99
Audi,2014,174000,bencinski motor,412,avtomatski menjalnik / tiptronic,66.5
Mercedes-Benz,2017,21000,hibridni pogon,240,avtomatski menjalnik,66.0
Audi,2018,9500,diesel motor,150,avtomatski menjalnik / tiptronic,65.99
BMW,2017,19000,diesel motor,190,avtomatski menjalnik,65.99
BMW,2016,105000,diesel motor,190,avtomatski menjalnik,65.99
BMW,2017,27660,diesel motor,195,avtomatski menjalnik / tiptronic,65.9
Porsche,2006,133680,bencinski motor,353,avtomatski menjalnik,65.9
Aston,2008,58400,bencinski motor,380,avtomatski menjalnik,65.88
Mercedes-Benz,2019,18,diesel motor,143,avtomatski menjalnik,65.49
Porsche,2016,51700,diesel motor,190,avtomatski menjalnik,65.47
Audi,2018,7000,diesel motor,210,avtomatski menjalnik / tiptronic,65.0
Audi,2007,92000,bencinski motor,336,avtomatski menjalnik,65.0
BMW,2016,135000,diesel motor,235,avtomatski menjalnik / tiptronic,65.0
Volkswagen,2017,31000,diesel motor,110,roèni menjalnik (6 pr.),65.0
BMW,2017,80000,bencinski motor,333,avtomatski menjalnik,64.999
BMW,2017,47893,diesel motor,190,avtomatski menjalnik / tiptronic,64.992
BMW,2015,33000,hibridni pogon,170,avtomatski menjalnik,64.99
Mercedes-Benz,2016,46564,diesel motor,190,avtomatski menjalnik,64.99
BMW,2017,25240,bencinski motor,317,avtomatski menjalnik,64.9
BMW,2018,22000,diesel motor,195,avtomatski menjalnik / tiptronic,64.9
BMW,2018,15400,diesel motor,195,avtomatski menjalnik / tiptronic,64.9
BMW,2017,17100,diesel motor,190,avtomatski menjalnik / tiptronic,64.9
BMW,2017,17033,diesel motor,190,avtomatski menjalnik / tiptronic,64.0
BMW,2017,81956,bencinski motor,340,avtomatski menjalnik,63.999
Volvo,2019,5613,bencinski motor,184,avtomatski menjalnik,63.999
Porsche,2009,146383,bencinski motor,283,avtomatski menjalnik,63.997
BMW,2018,15400,diesel motor,195,avtomatski menjalnik / tiptronic,63.9
BMW,2018,18846,diesel motor,195,avtomatski menjalnik / tiptronic,63.9
BMW,2018,25000,diesel motor,230,avtomatski menjalnik / tiptronic,63.888
Volvo,2018,19000,diesel motor,173,avtomatski menjalnik,63.5
Audi,2016,105419,diesel motor,240,avtomatski menjalnik / tiptronic,63.49
Porsche,2015,175100,diesel motor,193,avtomatski menjalnik / tiptronic,63.333
Audi,2017,53000,diesel motor,203,avtomatski menjalnik / tiptronic,63.0
Ferrari,2001,49500,bencinski motor,294,roèni menjalnik (6 pr.),63.0
Volkswagen,2019,44532,diesel motor,200,avtomatski menjalnik / tiptronic,62.995
Audi,2017,11400,diesel motor,193,avtomatski menjalnik / tiptronic,62.99
Audi,2016,105200,diesel motor,200,avtomatski menjalnik / tiptronic,62.99
BMW,2015,148000,diesel motor,280,avtomatski menjalnik,62.99
Mercedes-Benz,2017,82700,bencinski motor,295,avtomatski menjalnik,62.99
BMW,2018,24200,diesel motor,195,avtomatski menjalnik / tiptronic,62.9
Fisker,2012,28400,hibridni pogon,300,avtomatski menjalnik,62.817
Porsche,2015,109900,bencinski motor,294,avtomatski menjalnik,62.5
Porsche,2017,66207,bencinski motor,185,avtomatski menjalnik,62.0
BMW,2015,62000,bencinski motor,317,roèni menjalnik (6 pr.),61.99
BMW,2018,60000,diesel motor,195,avtomatski menjalnik / tiptronic,61.99
Mercedes-Benz,2018,36000,diesel motor,180,avtomatski menjalnik,61.99
BMW,2019,4000,bencinski motor,190,avtomatski menjalnik,61.9
BMW,2017,78522,diesel motor,195,avtomatski menjalnik / tiptronic,61.875
Audi,2018,99000,diesel motor,200,avtomatski menjalnik / tiptronic,61.85
BMW,2017,26373,diesel motor,280,avtomatski menjalnik,61.8
BMW,2019,6873,diesel motor,140,avtomatski menjalnik,61.666
BMW,2018,17000,bencinski motor,240,avtomatski menjalnik / tiptronic,61.616
Mercedes-Benz,2018,11000,diesel motor,150,avtomatski menjalnik,61.6
BMW,2015,74000,diesel motor,195,avtomatski menjalnik,61.55
BMW,2017,6800,diesel motor,190,avtomatski menjalnik,61.4
BMW,2018,19039,diesel motor,230,avtomatski menjalnik / tiptronic,61.35
BMW,2019,4000,diesel motor,140,avtomatski menjalnik,61.038
Mercedes-Benz,2018,144000,diesel motor,235,avtomatski menjalnik / tiptronic,61.0
BMW,2017,71175,diesel motor,190,avtomatski menjalnik,61.0
BMW,2015,58500,diesel motor,190,avtomatski menjalnik,60.0
BMW,2016,50000,diesel motor,230,avtomatski menjalnik,60.0
Audi,2015,78300,diesel motor,283,avtomatski menjalnik / tiptronic,59.999
BMW,2018,1750,bencinski motor,302,roèni menjalnik (6 pr.),59.999
Ferrari,2000,92000,bencinski motor,294,avtomatski menjalnik,59.999
Porsche,2015,127700,diesel motor,193,avtomatski menjalnik / tiptronic,59.999
Volvo,2019,500,diesel motor,140,avtomatski menjalnik / tiptronic,59.999
Aston,2005,65000,bencinski motor,336,avtomatski menjalnik,59.99
Audi,2018,17489,diesel motor,140,avtomatski menjalnik,59.99
Audi,2007,86400,bencinski motor,309,avtomatski menjalnik,59.99
BMW,2016,52000,diesel motor,230,avtomatski menjalnik,59.99
BMW,2016,72666,diesel motor,195,avtomatski menjalnik / tiptronic,59.99
BMW,2016,61000,diesel motor,195,avtomatski menjalnik / tiptronic,59.99
BMW,2019,4500,diesel motor,140,avtomatski menjalnik,59.99
Jeep,2018,43000,diesel motor,184,avtomatski menjalnik / tiptronic,59.99
Maserati,2014,35000,bencinski motor,301,avtomatski menjalnik / tiptronic,59.99
Maserati,2014,41000,bencinski motor,301,avtomatski menjalnik / tiptronic,59.99
Mercedes-Benz,2019,14,bencinski motor,135,avtomatski menjalnik,59.99
Porsche,2008,138000,bencinski motor,261,avtomatski menjalnik,59.99
Porsche,2015,107000,diesel motor,221,avtomatski menjalnik / tiptronic,59.99
Porsche,2010,95494,bencinski motor,368,avtomatski menjalnik,59.99
Land Rover,2013,146298,diesel motor,250,avtomatski menjalnik / tiptronic,59.985
BMW,2017,36890,diesel motor,190,avtomatski menjalnik / tiptronic,59.98
Jeep,2017,41260,diesel motor,184,avtomatski menjalnik / tiptronic,59.96
BMW,2018,12000,bencinski motor,195,avtomatski menjalnik / tiptronic,59.9
BMW,2018,5100,bencinski motor,190,avtomatski menjalnik / tiptronic,59.9
BMW,2019,3823,bencinski motor,190,avtomatski menjalnik,59.9
Maserati,2014,35000,bencinski motor,301,avtomatski menjalnik / tiptronic,59.9
Mercedes-Benz,2017,25331,diesel motor,190,avtomatski menjalnik,59.9
Mercedes-Benz,2018,16000,diesel motor,140,avtomatski menjalnik,59.9
Volvo,2018,16010,diesel motor,173,avtomatski menjalnik / tiptronic,59.9
BMW,2017,30600,diesel motor,190,avtomatski menjalnik / tiptronic,59.888
BMW,2017,86000,diesel motor,195,avtomatski menjalnik / tiptronic,59.85
Mercedes-Benz,2016,80000,bencinski motor,155,avtomatski menjalnik,59.8
Audi,2017,108234,diesel motor,200,avtomatski menjalnik / tiptronic,59.795
BMW,2019,1100,diesel motor,140,avtomatski menjalnik,59.6
Porsche,2002,125000,bencinski motor,309,avtomatski menjalnik,59.5
BMW,2016,39000,bencinski motor,317,avtomatski menjalnik,59.0
Audi,2016,106978,diesel motor,200,avtomatski menjalnik / tiptronic,58.99
BMW,2018,15800,diesel motor,195,avtomatski menjalnik / tiptronic,58.985
BMW,2015,41000,bencinski motor,317,avtomatski menjalnik,58.98
Audi,2018,12000,diesel motor,140,avtomatski menjalnik,58.9
BMW,2014,9000,diesel motor,190,avtomatski menjalnik,58.9
Mercedes-Benz,2018,26381,diesel motor,190,avtomatski menjalnik,58.9
Audi,2017,117725,diesel motor,200,avtomatski menjalnik / tiptronic,58.785
BMW,2018,12300,diesel motor,195,avtomatski menjalnik / tiptronic,58.7
BMW,2018,12803,diesel motor,195,avtomatski menjalnik / tiptronic,58.6
BMW,2016,45000,bencinski motor,336,avtomatski menjalnik,58.5
Mercedes-Benz,2018,28450,diesel motor,180,avtomatski menjalnik,58.45
Audi,2019,10000,diesel motor,140,avtomatski menjalnik,58.4
Audi,2015,59930,diesel motor,200,avtomatski menjalnik / tiptronic,58.0
Ford,2016,16000,bencinski motor,310,avtomatski menjalnik / tiptronic,58.0
BMW,2018,13350,diesel motor,140,avtomatski menjalnik / tiptronic,57.99
BMW,2017,39000,diesel motor,195,avtomatski menjalnik / tiptronic,57.99
BMW,2016,69900,hibridni pogon,230,avtomatski menjalnik / tiptronic,57.99
BMW,2019,9000,diesel motor,140,avtomatski menjalnik,57.9
BMW,2018,12850,diesel motor,140,avtomatski menjalnik / tiptronic,57.9
BMW,2015,73350,diesel motor,190,avtomatski menjalnik,57.9
Mercedes-Benz,2018,9400,bencinski motor,180,avtomatski menjalnik,57.8
BMW,2017,20500,bencinski motor,143,avtomatski menjalnik,56.99
Porsche,2015,94098,diesel motor,193,avtomatski menjalnik / tiptronic,56.99
Jaguar,2015,90613,bencinski motor,405,avtomatski menjalnik / tiptronic,56.985
Mercedes-Benz,2018,37067,diesel motor,143,avtomatski menjalnik,56.985
Mercedes-Benz,2018,20611,diesel motor,143,avtomatski menjalnik,56.985
BMW,2018,16560,diesel motor,140,avtomatski menjalnik / tiptronic,56.9
BMW,2018,19000,diesel motor,195,avtomatski menjalnik / tiptronic,56.9
BMW,2018,11020,diesel motor,170,avtomatski menjalnik,56.9
BMW,2018,12000,diesel motor,140,avtomatski menjalnik,56.9
Audi,2015,65655,diesel motor,200,avtomatski menjalnik / tiptronic,56.499
BMW,2015,49700,bencinski motor,317,avtomatski menjalnik,56.49
BMW,2017,32000,diesel motor,235,avtomatski menjalnik / tiptronic,56.49
Mercedes-Benz,2013,179000,diesel motor,190,avtomatski menjalnik / tiptronic,56.49
BMW,2016,98300,diesel motor,230,avtomatski menjalnik,56.45
BMW,2016,65565,diesel motor,230,avtomatski menjalnik,56.377
Mercedes-Benz,2016,135500,hibridni pogon,245,avtomatski menjalnik,55.99
Mercedes-Benz,2018,15392,diesel motor,143,avtomatski menjalnik,55.985
BMW,2018,14344,bencinski motor,272,avtomatski menjalnik,55.9
Audi,2015,90879,diesel motor,193,avtomatski menjalnik / tiptronic,55.9
Ford,2016,26972,bencinski motor,310,roèni menjalnik (6 pr.),55.9
BMW,2014,69100,diesel motor,230,avtomatski menjalnik / tiptronic,55.8
Audi,2017,34000,diesel motor,140,avtomatski menjalnik,55.65
Audi,2018,5959,diesel motor,140,avtomatski menjalnik,55.6
Mercedes-Benz,2013,178000,diesel motor,190,avtomatski menjalnik / tiptronic,55.6
Mercedes-Benz,2015,185000,diesel motor,150,avtomatski menjalnik / tiptronic,55.555
Porsche,2000,102000,bencinski motor,309,roèni menjalnik (6 pr.),55.555
Porsche,2016,22469,diesel motor,184,avtomatski menjalnik,55.5
Volvo,2019,400,diesel motor,140,avtomatski menjalnik / tiptronic,55.0
Aston,2007,61578,bencinski motor,336,avtomatski menjalnik,54.999
Volvo,2017,26500,diesel motor,173,avtomatski menjalnik / tiptronic,54.999
Audi,2016,32500,diesel motor,193,avtomatski menjalnik / tiptronic,54.99
BMW,2016,160000,diesel motor,280,avtomatski menjalnik,54.99
BMW,2015,124985,diesel motor,190,avtomatski menjalnik,54.99
Land Rover,2014,105000,diesel motor,190,avtomatski menjalnik / tiptronic,54.99
Mercedes-Benz,2017,58000,diesel motor,143,avtomatski menjalnik,54.99
Mercedes-Benz,2018,15,bencinski motor,135,avtomatski menjalnik,54.99
Mercedes-Benz,2016,9532,bencinski motor,270,avtomatski menjalnik,54.99
Mercedes-Benz,2017,56000,diesel motor,140,avtomatski menjalnik / tiptronic,54.99
BMW,2018,9850,bencinski motor,272,avtomatski menjalnik,54.9
BMW,2018,5900,diesel motor,140,avtomatski menjalnik / tiptronic,54.9
BMW,2015,72000,diesel motor,230,avtomatski menjalnik,54.9
Mercedes-Benz,2015,91943,hibridni pogon,173,avtomatski menjalnik / tiptronic,54.9
Lexus,2019,15000,hibridni pogon,160,avtomatski menjalnik,54.65
Audi,2016,66000,diesel motor,193,avtomatski menjalnik / tiptronic,54.5
Mercedes-Benz,2012,146800,diesel motor,195,avtomatski menjalnik / tiptronic,54.5
Volkswagen,2017,33000,diesel motor,176,avtomatski menjalnik,54.5
Mercedes-Benz,2011,159181,bencinski motor,386,avtomatski menjalnik / tiptronic,54.496
Mercedes-Benz,2018,22352,diesel motor,143,avtomatski menjalnik,54.49
Audi,2013,99800,bencinski motor,309,avtomatski menjalnik,54.27
BMW,2019,830,diesel motor,140,avtomatski menjalnik / tiptronic,54.0
Volvo,2019,1500,diesel motor,140,avtomatski menjalnik / tiptronic,53.999
Audi,2015,95000,diesel motor,200,avtomatski menjalnik / tiptronic,53.99
BMW,2018,23100,diesel motor,140,avtomatski menjalnik / tiptronic,53.99
BMW,2017,29900,diesel motor,230,avtomatski menjalnik / tiptronic,53.99
BMW,2017,11400,bencinski motor,277,avtomatski menjalnik,53.9
Mercedes-Benz,2015,37000,diesel motor,120,avtomatski menjalnik,53.9
Audi,2016,118674,diesel motor,200,avtomatski menjalnik / tiptronic,53.885
Audi,2016,138764,diesel motor,200,avtomatski menjalnik / tiptronic,53.885
BMW,2017,45000,diesel motor,235,avtomatski menjalnik,53.8
Mercedes-Benz,2018,32000,diesel motor,150,avtomatski menjalnik / tiptronic,53.8
Mercedes-Benz,2017,45000,diesel motor,143,avtomatski menjalnik,53.75
Audi,2016,25800,bencinski motor,140,avtomatski menjalnik / tiptronic,53.5
Audi,2018,15000,diesel motor,140,avtomatski menjalnik,53.4
Volvo,2017,25100,diesel motor,140,avtomatski menjalnik / tiptronic,52.999
Volvo,2017,36545,diesel motor,173,avtomatski menjalnik / tiptronic,52.999
Mercedes-Benz,2018,34046,diesel motor,143,avtomatski menjalnik,52.99
Porsche,2014,149000,bencinski motor,294,avtomatski menjalnik,52.99
Porsche,2012,147950,hibridni pogon,245,avtomatski menjalnik,52.99
Audi,2018,11420,diesel motor,140,avtomatski menjalnik,52.9
Audi,2015,110000,diesel motor,200,avtomatski menjalnik / tiptronic,52.9
BMW,2018,25620,diesel motor,140,avtomatski menjalnik / tiptronic,52.9
BMW,2015,119602,diesel motor,230,avtomatski menjalnik,52.9
Mercedes-Benz,2019,8517,diesel motor,150,avtomatski menjalnik,52.9
BMW,2016,39850,diesel motor,230,avtomatski menjalnik / tiptronic,52.8
BMW,2017,9821,bencinski motor,272,roèni menjalnik (6 pr.),52.799
Mercedes-Benz,2018,11850,diesel motor,143,avtomatski menjalnik,52.65
Audi,2017,86,diesel motor,140,avtomatski menjalnik,52.5
Volvo,2018,15860,diesel motor,173,avtomatski menjalnik / tiptronic,52.5
BMW,2018,26934,diesel motor,140,avtomatski menjalnik / tiptronic,52.49
Audi,2015,151000,diesel motor,200,avtomatski menjalnik / tiptronic,52.475
Volvo,2018,16000,diesel motor,173,avtomatski menjalnik,52.35
Audi,2015,141100,diesel motor,200,avtomatski menjalnik / tiptronic,52.222
Land Rover,2015,137000,diesel motor,190,avtomatski menjalnik / tiptronic,52.222
BMW,2015,105000,diesel motor,230,avtomatski menjalnik,52.0
Mercedes-Benz,2010,112000,bencinski motor,200,avtomatski menjalnik / tiptronic,51.99
BMW,2018,9800,bencinski motor,272,roèni menjalnik (6 pr.),51.99
BMW,2018,10541,diesel motor,140,avtomatski menjalnik / tiptronic,51.99
BMW,2015,102000,diesel motor,190,avtomatski menjalnik,51.99
Kia,2018,18000,bencinski motor,272,avtomatski menjalnik / tiptronic,51.99
Mercedes-Benz,2018,12970,diesel motor,143,avtomatski menjalnik,51.99
Mercedes-Benz,2017,26000,diesel motor,150,avtomatski menjalnik,51.99
Mercedes-Benz,2013,145000,diesel motor,190,avtomatski menjalnik / tiptronic,51.95
BMW,2018,19988,diesel motor,140,avtomatski menjalnik / tiptronic,51.9
BMW,2017,19230,diesel motor,195,avtomatski menjalnik / tiptronic,51.9
BMW,2016,42426,diesel motor,230,avtomatski menjalnik / tiptronic,51.9
Mercedes-Benz,2016,84590,diesel motor,190,avtomatski menjalnik,51.815
Audi,2019,300,diesel motor,150,avtomatski menjalnik / tiptronic,51.5
BMW,2015,88500,diesel motor,230,avtomatski menjalnik,51.5
Mercedes-Benz,2016,47890,diesel motor,150,avtomatski menjalnik,51.49
Volvo,2017,49000,diesel motor,173,avtomatski menjalnik / tiptronic,51.49
BMW,2017,124436,diesel motor,190,avtomatski menjalnik,51.28
Audi,2019,32000,diesel motor,143,avtomatski menjalnik,51.0
BMW,2015,73000,diesel motor,190,avtomatski menjalnik,50.999
Audi,2015,124639,diesel motor,200,avtomatski menjalnik / tiptronic,50.99
Volvo,2017,16000,diesel motor,173,avtomatski menjalnik / tiptronic,50.99
Audi,2019,15852,diesel motor,140,avtomatski menjalnik / tiptronic,50.9
BMW,2017,15996,diesel motor,140,avtomatski menjalnik / tiptronic,50.9
BMW,2015,104200,diesel motor,280,avtomatski menjalnik,50.9
BMW,2015,59000,diesel motor,230,avtomatski menjalnik,50.9
Tesla,2014,123500,elektro pogon,173,avtomatski menjalnik,50.9
Audi,2018,8052,diesel motor,200,avtomatski menjalnik,50.882
Porsche,2013,98900,diesel motor,184,avtomatski menjalnik / tiptronic,50.49
Audi,2019,33000,bencinski motor,277,avtomatski menjalnik,50.0
BMW,2012,122000,bencinski motor,400,avtomatski menjalnik / tiptronic,50.0
Mercedes-Benz,2018,4000,diesel motor,125,avtomatski menjalnik,50.0
Volvo,2018,10000,diesel motor,140,avtomatski menjalnik / tiptronic,50.0
BMW,2017,17500,diesel motor,140,avtomatski menjalnik / tiptronic,49.999
Jaguar,2018,23645,diesel motor,132,avtomatski menjalnik / tiptronic,49.999
Land Rover,2015,137000,diesel motor,190,avtomatski menjalnik / tiptronic,49.999
Mercedes-Benz,2018,21133,diesel motor,140,avtomatski menjalnik,49.999
Audi,2017,35694,diesel motor,200,avtomatski menjalnik,49.99
Audi,2016,99300,diesel motor,240,avtomatski menjalnik / tiptronic,49.99
Audi,2016,12735,diesel motor,140,avtomatski menjalnik,49.99
BMW,2019,7000,diesel motor,140,avtomatski menjalnik,49.99
BMW,2018,19654,diesel motor,140,avtomatski menjalnik / tiptronic,49.99
Kia,2018,24500,bencinski motor,272,avtomatski menjalnik / tiptronic,49.99
Mercedes-Benz,2018,10719,diesel motor,143,avtomatski menjalnik,49.99
Mercedes-Benz,2018,26600,diesel motor,150,avtomatski menjalnik,49.99
Mercedes-Benz,2017,59400,diesel motor,150,avtomatski menjalnik,49.99
Mercedes-Benz,2018,47750,diesel motor,120,avtomatski menjalnik,49.99
Tesla,2014,143380,elektro pogon,140,avtomatski menjalnik / tiptronic,49.9
BMW,2016,60715,diesel motor,190,avtomatski menjalnik / tiptronic,49.9
Mercedes-Benz,2018,14850,diesel motor,150,avtomatski menjalnik,49.9
Mercedes-Benz,2018,36350,diesel motor,143,avtomatski menjalnik,49.9
Mercedes-Benz,2016,115000,diesel motor,190,avtomatski menjalnik,49.9
Mercedes-Benz,2015,131000,hibridni pogon,150,avtomatski menjalnik / tiptronic,49.9
Mercedes-Benz,2018,38172,diesel motor,120,avtomatski menjalnik,49.9
Mercedes-Benz,2016,81158,diesel motor,140,avtomatski menjalnik / tiptronic,49.9
Volvo,2016,59600,diesel motor,173,avtomatski menjalnik / tiptronic,49.9
Audi,2017,39000,diesel motor,140,avtomatski menjalnik,49.89
Audi,2015,110000,diesel motor,235,avtomatski menjalnik / tiptronic,49.5
Porsche,2013,147000,diesel motor,180,avtomatski menjalnik / tiptronic,49.25
Audi,2016,47890,bencinski motor,270,avtomatski menjalnik,49.2
Volvo,2019,5000,diesel motor,140,avtomatski menjalnik,49.2
Audi,2017,33000,diesel motor,200,avtomatski menjalnik,49.0
Audi,2016,108796,diesel motor,200,avtomatski menjalnik / tiptronic,49.0
Maserati,2008,87000,bencinski motor,323,avtomatski menjalnik,49.0
Porsche,1977,150800,bencinski motor,121,polavtomatski menjalnik,49.0
Audi,2015,59983,bencinski motor,270,avtomatski menjalnik,48.99
BMW,2017,31000,diesel motor,140,avtomatski menjalnik / tiptronic,48.99
BMW,2015,94533,diesel motor,190,avtomatski menjalnik / tiptronic,48.99
Mercedes-Benz,2017,41889,diesel motor,143,avtomatski menjalnik,48.99
Mercedes-Benz,2018,6130,diesel motor,140,avtomatski menjalnik,48.99
Tesla,2014,97500,elektro pogon,240,avtomatski menjalnik / tiptronic,48.9
BMW,2017,19827,diesel motor,140,avtomatski menjalnik / tiptronic,48.9
BMW,2018,28000,diesel motor,140,avtomatski menjalnik,48.9
Mercedes-Benz,2016,57230,diesel motor,150,avtomatski menjalnik,48.9
Audi,2018,12624,diesel motor,160,avtomatski menjalnik,48.899
Audi,2018,10000,diesel motor,140,avtomatski menjalnik,48.89
Audi,2015,131960,diesel motor,200,avtomatski menjalnik / tiptronic,48.88
Mercedes-Benz,2018,11304,diesel motor,143,avtomatski menjalnik,48.79
Land Rover,2015,146000,diesel motor,190,avtomatski menjalnik / tiptronic,48.74
BMW,2018,5762,diesel motor,140,avtomatski menjalnik / tiptronic,48.5
Audi,2018,12624,diesel motor,160,avtomatski menjalnik,48.49
Mercedes-Benz,2017,10544,diesel motor,143,avtomatski menjalnik,48.49
Volvo,2018,11000,diesel motor,140,avtomatski menjalnik,48.46
Audi,2015,195660,diesel motor,190,avtomatski menjalnik / tiptronic,48.0
BMW,2017,18000,hibridni pogon,135,avtomatski menjalnik / tiptronic,48.0
Lancia,1993,58755,bencinski motor,157,roèni menjalnik (5 pr.),48.0
Mercedes-Benz,2016,60000,bencinski motor,280,avtomatski menjalnik,47.99
Mercedes-Benz,2018,9083,diesel motor,150,avtomatski menjalnik,47.99
Mercedes-Benz,2017,24325,diesel motor,143,avtomatski menjalnik,47.99
Mercedes-Benz,2016,95085,diesel motor,150,avtomatski menjalnik,47.99
Volvo,2018,11500,diesel motor,140,avtomatski menjalnik / tiptronic,47.99
Mercedes-Benz,2015,142468,diesel motor,190,avtomatski menjalnik / tiptronic,47.98
Mercedes-Benz,2018,32000,bencinski motor,135,avtomatski menjalnik,47.95
Porsche,1987,104300,bencinski motor,170,roèni menjalnik (5 pr.),47.911
Audi,2016,153000,diesel motor,193,avtomatski menjalnik / tiptronic,47.9
BMW,2018,19500,diesel motor,140,avtomatski menjalnik / tiptronic,47.9
BMW,2016,120250,diesel motor,190,avtomatski menjalnik / tiptronic,47.9
Audi,2017,33000,diesel motor,240,avtomatski menjalnik / tiptronic,47.8
BMW,2016,95301,diesel motor,190,avtomatski menjalnik / tiptronic,47.8
Mercedes-Benz,2018,34400,diesel motor,125,avtomatski menjalnik,47.75
Audi,2018,12102,diesel motor,160,avtomatski menjalnik,47.68
Volkswagen,2019,33000,diesel motor,195,avtomatski menjalnik / tiptronic,47.5
BMW,2015,167000,diesel motor,280,avtomatski menjalnik,47.5
Mercedes-Benz,2018,45073,diesel motor,120,avtomatski menjalnik,47.5
Audi,2017,28463,diesel motor,200,avtomatski menjalnik,47.49
BMW,2016,25630,bencinski motor,240,avtomatski menjalnik / tiptronic,47.49
Mercedes-Benz,2017,20471,diesel motor,150,avtomatski menjalnik,47.49
Mercedes-Benz,2017,38564,diesel motor,143,avtomatski menjalnik,47.49
Audi,2019,26000,hibridni pogon,185,avtomatski menjalnik,47.0
Mercedes-Benz,2018,12964,bencinski motor,135,avtomatski menjalnik,47.0
Mercedes-Benz,2014,189750,diesel motor,190,avtomatski menjalnik / tiptronic,47.0
Volvo,2017,38300,diesel motor,173,avtomatski menjalnik / tiptronic,46.99
Audi,2016,109227,diesel motor,193,avtomatski menjalnik / tiptronic,46.99
Mercedes-Benz,2016,69000,bencinski motor,270,avtomatski menjalnik / tiptronic,46.99
Mercedes-Benz,2019,9701,diesel motor,150,avtomatski menjalnik,46.99
BMW,2017,66500,diesel motor,195,avtomatski menjalnik / tiptronic,46.9
Volvo,2017,33500,diesel motor,140,avtomatski menjalnik / tiptronic,46.9
Volvo,2017,65500,diesel motor,173,avtomatski menjalnik / tiptronic,46.85
Audi,2019,86000,bencinski motor,373,avtomatski menjalnik,46.8
BMW,2017,41836,bencinski motor,185,avtomatski menjalnik / tiptronic,46.64
Cupra,2019,93360,diesel motor,193,avtomatski menjalnik / tiptronic,46.55
Audi,2018,8500,diesel motor,150,avtomatski menjalnik,46.49
BMW,2018,15795,diesel motor,140,roèni menjalnik (6 pr.),46.4
Mercedes-Benz,2017,103020,diesel motor,143,avtomatski menjalnik,46.39
Audi,2018,12268,diesel motor,160,avtomatski menjalnik,46.2
BMW,2017,43900,diesel motor,195,avtomatski menjalnik / tiptronic,46.0
Tesla,2019,6000,elektro pogon,184,avtomatski menjalnik,45.999
Volvo,2018,8200,diesel motor,140,avtomatski menjalnik / tiptronic,45.99
BMW,2015,100000,diesel motor,190,avtomatski menjalnik / tiptronic,45.99
Mercedes-Benz,2016,4500,diesel motor,143,avtomatski menjalnik,45.99
Mercedes-Benz,2017,38588,diesel motor,143,avtomatski menjalnik,45.99
koda,2019,4000,diesel motor,176,avtomatski menjalnik,45.98
BMW,2013,87300,diesel motor,230,avtomatski menjalnik / tiptronic,45.95
BMW,2018,12471,diesel motor,140,avtomatski menjalnik / tiptronic,45.9
BMW,2017,24597,diesel motor,140,avtomatski menjalnik / tiptronic,45.9
BMW,2017,14500,hibridni pogon,135,avtomatski menjalnik / tiptronic,45.9
BMW,2015,139000,diesel motor,230,avtomatski menjalnik,45.9
BMW,2017,41157,diesel motor,170,avtomatski menjalnik / tiptronic,45.9
Mercedes-Benz,2018,44325,diesel motor,120,avtomatski menjalnik,45.9
Volvo,2015,53360,diesel motor,165,avtomatski menjalnik / tiptronic,45.9
Tesla,2013,163200,elektro pogon,230,avtomatski menjalnik / tiptronic,45.88
Mercedes-Benz,2018,5481,bencinski motor,135,avtomatski menjalnik,45.88
Mercedes-Benz,2017,33600,diesel motor,125,avtomatski menjalnik,45.85
BMW,2017,72500,diesel motor,195,avtomatski menjalnik / tiptronic,45.8
Volkswagen,2019,158718,diesel motor,190,avtomatski menjalnik / tiptronic,45.555
koda,2019,10,diesel motor,176,avtomatski menjalnik,45.499
Mercedes-Benz,2017,33000,diesel motor,143,avtomatski menjalnik,45.49
Mercedes-Benz,2017,4000,diesel motor,125,avtomatski menjalnik,45.2
Audi,2014,62300,diesel motor,230,avtomatski menjalnik / tiptronic,45.0
Audi,2016,97000,diesel motor,160,avtomatski menjalnik / tiptronic,45.0
BMW,2017,48000,diesel motor,140,avtomatski menjalnik,45.0
BMW,2016,51000,diesel motor,190,avtomatski menjalnik / tiptronic,45.0
Mercedes-Benz,2017,56000,diesel motor,120,avtomatski menjalnik,45.0
Mercedes-Benz,2019,2300,diesel motor,140,avtomatski menjalnik,45.0
Volkswagen,2018,45000,diesel motor,150,avtomatski menjalnik / tiptronic,45.0
Audi,2018,23,diesel motor,140,avtomatski menjalnik,44.999
Volvo,2018,9500,diesel motor,140,avtomatski menjalnik,44.999
Volkswagen,2018,8500,diesel motor,110,avtomatski menjalnik,44.99
Audi,2016,95000,diesel motor,235,avtomatski menjalnik / tiptronic,44.99
Audi,2018,11705,diesel motor,160,avtomatski menjalnik,44.99
BMW,2015,130000,diesel motor,190,avtomatski menjalnik / tiptronic,44.99
Maserati,2014,210000,diesel motor,202,avtomatski menjalnik / tiptronic,44.99
Mercedes-Benz,2018,25000,diesel motor,125,avtomatski menjalnik,44.99
Mercedes-Benz,2016,103000,diesel motor,190,avtomatski menjalnik,44.99
Mercedes-Benz,2016,114000,diesel motor,150,avtomatski menjalnik,44.99
BMW,2016,51345,diesel motor,190,avtomatski menjalnik / tiptronic,44.985
BMW,2017,36100,diesel motor,195,avtomatski menjalnik / tiptronic,44.98
BMW,2015,98000,diesel motor,190,avtomatski menjalnik / tiptronic,44.98
Audi,2017,98862,diesel motor,200,avtomatski menjalnik / tiptronic,44.97
BMW,2015,55000,diesel motor,190,avtomatski menjalnik / tiptronic,44.95
Audi,2015,128000,diesel motor,235,avtomatski menjalnik / tiptronic,44.9
BMW,2017,68200,diesel motor,140,avtomatski menjalnik / tiptronic,44.9
BMW,2014,58064,diesel motor,230,avtomatski menjalnik / tiptronic,44.9
BMW,2015,69000,diesel motor,230,avtomatski menjalnik,44.9
BMW,2014,138181,diesel motor,190,avtomatski menjalnik,44.9
Chevrolet,2015,38918,bencinski motor,318,avtomatski menjalnik,44.9
Jaguar,2019,9900,diesel motor,132,avtomatski menjalnik / tiptronic,44.9
Land Rover,2018,50,diesel motor,132,avtomatski menjalnik,44.9
Mercedes-Benz,2017,26963,diesel motor,143,avtomatski menjalnik,44.9
Mercedes-Benz,2017,44985,diesel motor,143,avtomatski menjalnik,44.9
Mercedes-Benz,2017,101100,diesel motor,150,avtomatski menjalnik,44.9
Mercedes-Benz,2016,4591,diesel motor,125,avtomatski menjalnik,44.9
Mercedes-Benz,2009,316723,bencinski motor,285,avtomatski menjalnik,44.9
Volvo,2018,6500,diesel motor,140,avtomatski menjalnik / tiptronic,44.9
BMW,2015,131408,diesel motor,280,avtomatski menjalnik,44.885
Volvo,2018,13000,diesel motor,140,avtomatski menjalnik / tiptronic,44.85
BMW,2018,4463,bencinski motor,185,avtomatski menjalnik / tiptronic,44.8
Audi,2017,48511,diesel motor,160,avtomatski menjalnik,44.73
Audi,2019,14,diesel motor,140,avtomatski menjalnik,44.69
BMW,2018,51500,diesel motor,140,avtomatski menjalnik,44.675
Audi,2018,12781,diesel motor,160,avtomatski menjalnik,44.5
BMW,2015,44000,diesel motor,230,avtomatski menjalnik,44.5
BMW,2017,43000,diesel motor,164,avtomatski menjalnik / tiptronic,44.5
Ford,2016,1524,diesel motor,132,roèni menjalnik (6 pr.),44.5
Mercedes-Benz,1985,14500,bencinski motor,100,avtomatski menjalnik,44.5
Jeep,2015,66500,diesel motor,184,avtomatski menjalnik / tiptronic,44.49
Volkswagen,2016,135400,diesel motor,150,avtomatski menjalnik,44.444
Mercedes-Benz,2017,85000,diesel motor,125,avtomatski menjalnik,44.4
Mercedes-Benz,2016,36075,diesel motor,150,avtomatski menjalnik,44.299
Porsche,1980,40000,bencinski motor,132,roèni menjalnik (5 pr.),44.0
Audi,2017,48000,diesel motor,160,avtomatski menjalnik,43.999
BMW,2015,29917,diesel motor,190,avtomatski menjalnik / tiptronic,43.995
BMW,2019,1141,elektro pogon,140,avtomatski menjalnik / tiptronic,43.99
BMW,2018,24500,diesel motor,140,avtomatski menjalnik / tiptronic,43.99
BMW,2015,177646,diesel motor,190,avtomatski menjalnik,43.99
Mercedes-Benz,2016,138900,bencinski motor,280,avtomatski menjalnik,43.99
Mercedes-Benz,2017,39000,diesel motor,143,avtomatski menjalnik,43.99
Porsche,2011,134000,diesel motor,184,avtomatski menjalnik,43.99
Volvo,2018,13000,diesel motor,140,avtomatski menjalnik,43.99
BMW,2017,4600,diesel motor,140,avtomatski menjalnik,43.98
Porsche,2014,97184,diesel motor,190,avtomatski menjalnik,43.98
Mercedes-Benz,2018,15006,diesel motor,143,avtomatski menjalnik,43.9
BMW,2017,24999,diesel motor,140,avtomatski menjalnik / tiptronic,43.9
